Gene,Exon,Transcript,Strand,H2-K LFC,WT Sequence,Off-target,Number of mismatches,Position of mismatches,CFD Score,CCTop,Hsu / Zhang lab
H2-D,ENSMUSE00000941549,ENSMUST00000172785,antisense,4.887328408,GGTCTGAGTCGGGGCCAGGGNGG,GGTCTGAGTCGGAGCCAGGGCGG,1,[13],0.923076923,-10.69932054,38.7
H2-D,ENSMUSE00001012430,ENSMUST00000172785,sense,4.717282368,CGGGAAACACAGAAAGCCAANGG,CGGGAGACACAGAAAGCCAAGGG,1,[6],0.714285714,-2.985984,60.5
H2-D,ENSMUSE00000941549,ENSMUST00000172785,sense,4.594500223,GGCCCCGACTCAGACCCGCGNGG,GGCTCCGACTCAGACCCGCGCGG,1,[4],0.8,-2.0736,100
H2-D,ENSMUSE00000941549,ENSMUST00000172785,sense,4.447591593,GCCCCGACTCAGACCCGCGCNGG,GCTCCGACTCAGACCCGCGCGGG,1,[3],0.6875,-1.728,98.6
H2-D,ENSMUSE00001012430,ENSMUST00000172785,antisense,4.061107007,TGCTCCATCCACGGCGCCCGNGG,TGCTCCATCCACCGCGCCCGCGG,1,[13],0.421052632,-10.69932054,38.7
H2-D,ENSMUSE00001012430,ENSMUST00000172785,sense,3.99709666,CGGCTACTACAACCAGAGCGNGG,CGGCTACTACAACCAGAGCAAGG,1,[20],0.9375,-38.33759992,41.7
H2-D,ENSMUSE00000941549,ENSMUST00000172785,sense,3.766511481,CCTGCTGCTGGCGGCCGCCCNGG,CCTGCTGTTGGCGGCCGCCCTGG,1,[8],0.875,-4.29981696,100
H2-D,ENSMUSE00001012430,ENSMUST00000172785,antisense,3.765921661,CTCGAGGCCGGGCCGGGACANGG,CCCGAGGCCGGGCCGGGACACGG,1,[2],0.857142857,-1.44,100
H2-D,ENSMUSE00001012430,ENSMUST00000172785,antisense,3.689618582,GGCGCCCGCGGCTCATATCTNGG,CGCGCCCGCGGCTCATATCTCGG,1,[1],0.714285714,-1.2,100
H2-D,ENSMUSE00001012430,ENSMUST00000172785,sense,3.500432756,GCGCCGTGGATGGAGCAGGANGG,GCGCGGTGGATGGAGCAGGAGGG,1,[5],0.6,-2.48832,100
H2-D,ENSMUSE00001083526,ENSMUST00000172785,antisense,3.342304642,CAGTGGACGGAGGAGGCTCTNGG,CAGTGGATGGAGGAGGCTCTGGG,1,[8],0.875,-4.29981696,100
H2-D,ENSMUSE00001012430,ENSMUST00000172785,antisense,3.277787526,GTACCGGGGCTCCTCGAGGCNGG,GTACCGGGGCTCCCCGAGGCCGG,1,[14],0.285714286,-12.83918465,14.9
H2-D,ENSMUSE00000998715,ENSMUST00000172785,antisense,2.818937646,ACCCTCCTTACCCCATCTCANGG,ACTCTCCTTACCCCATCTCAGGG,1,[3],0.6875,-1.728,98.6
H2-D,ENSMUSE00001030539,ENSMUST00000172785,sense,2.580675239,CTCCACAGATACCTGAAGAANGG,CTCCGCAGATACCTGAAGAACGG,1,[5],0.72,-2.48832,100
H2-D,ENSMUSE00001012430,ENSMUST00000172785,antisense,2.501698057,TACCGGGGCTCCTCGAGGCCNGG,TACCGGGGCTCCCCGAGGCCGGG,1,[13],0.789473684,-10.69932054,38.7
H2-D,ENSMUSE00001012430,ENSMUST00000172785,sense,2.147140764,AGGGGCCGGAGTATTGGGAGNGG,AGGGGCCCGAGTATTGGGAGCGG,1,[8],0.615384615,-4.29981696,100
H2-D,ENSMUSE00001030539,ENSMUST00000172785,sense,2.113833403,TCCACAGATACCTGAAGAACNGG,TCCGCAGATACCTGAAGAACGGG,1,[4],0.625,-2.0736,100
H2-D,ENSMUSE00000941549,ENSMUST00000172785,antisense,1.746643719,CCAGGGCGGCCGCCAGCAGCNGG,CCAGGGCGGCCGCCAACAGCAGG,1,[16],1,-18.48842589,17.2
H2-D,ENSMUSE00000998715,ENSMUST00000172785,antisense,0.771206905,GCAGCCCCTCATGGTACACANGG,GCAGCCCCTGATGGTACACATGG,1,[10],0.388888889,-6.191736422,92.1
H2-D,ENSMUSE00001012430,ENSMUST00000172785,sense,0.667498449,GCAGGAGGGGCCGGAGTATTNGG,GCAGGAGGGGCCCGAGTATTGGG,1,[13],0.421052632,-10.69932054,38.7
H2-D,ENSMUSE00001012430,ENSMUST00000172785,antisense,0.666473553,GGGCTCCTCGAGGCCGGGCCNGG,GGGCTCCCCGAGGCCGGGCCGGG,1,[8],1,-4.29981696,100
H2-D,ENSMUSE00001012430,ENSMUST00000172785,sense,0.511772623,AGCAGGAGGGGCCGGAGTATNGG,AGCAGGAGGGGCCCGAGTATTGG,1,[14],0.428571429,-12.83918465,14.9
H2-D,ENSMUSE00000998715,ENSMUST00000172785,sense,0.247317669,TGAAGTCACCCTGAGGTGCTNGG,TAAAGTCACCCTGAGGTGCTGGG,1,[2],0.846153846,-1.44,100
H2-D,ENSMUSE00000998715,ENSMUST00000172785,antisense,-0.011156315,CACCCTCCTTACCCCATCTCNGG,CACTCTCCTTACCCCATCTCAGG,1,[4],0.8,-2.0736,100
H2-D,ENSMUSE00001012430,ENSMUST00000172785,sense,-0.277260519,CCCCAGGCCCACACTCGATGNGG,CCCCAGGCCCACACTCGCTGAGG,1,[18],0.19047619,-26.62333328,19.6
H2-D,ENSMUSE00000998715,ENSMUST00000172785,antisense,-0.429387431,GATGGGTCACATGTGCCTTTNGG,GATGGGTCACATGGGCCTTTGGG,1,[14],0,-12.83918465,14.9
H2-D,ENSMUSE00000998715,ENSMUST00000172785,antisense,-0.778117598,ATGGGTCACATGTGCCTTTGNGG,ATGGGTCACATGGGCCTTTGGGG,1,[13],0.260869565,-10.69932054,38.7
H2-D,ENSMUSE00001012430,ENSMUST00000172785,sense,-0.850205858,GATATGAGCCGCGGGCGCCGNGG,GATATGAGCCGCGGGCGCGGTGG,1,[19],0.125,-31.94799994,31.5
H2-D,ENSMUSE00001012430,ENSMUST00000172785,antisense,-1.046266032,AGTAGCCGAGCAGGTTCCTCNGG,AGTAGCCGAGCAGGGTCCTCAGG,1,[15],0.05,-15.40702157,26.8
H2-D,ENSMUSE00000941549,ENSMUST00000172785,sense,-1.049078434,CACGCTGCTCCTGCTGCTGGNGG,CACGCTGCTCCTGCTGTTGGCGG,1,[17],0.466666667,-22.18611107,38.5
H2-D,ENSMUSE00000941549,ENSMUST00000172785,antisense,-1.487868749,CGCGGGTCTGAGTCGGGGCCNGG,CGCGGGTCTGAGTCGGAGCCAGG,1,[17],0.933333333,-22.18611107,38.5
H2-D,ENSMUSE00001012430,ENSMUST00000172785,sense,-1.507440823,TGAGCCGCGGGCGCCGTGGANGG,TGAGCCGCGGGCGCGGTGGATGG,1,[15],0.05,-15.40702157,26.8
H2-D,ENSMUSE00001081974,ENSMUST00000172785,sense,-1.588047963,TTTCACAGGTGGAAAAGGAGNGG,TCTCACAGGTGGAAAAGGAGGGG,1,[2],0.857142857,-1.44,100
H2-D,ENSMUSE00001012430,ENSMUST00000172785,sense,-1.832312316,CGCCGTGGATGGAGCAGGAGNGG,CGCGGTGGATGGAGCAGGAGGGG,1,[4],0.5,-2.0736,100
H2-D,ENSMUSE00001083526,ENSMUST00000172785,sense,-2.199123507,GTTGCTGTTCTGGGTGTCCTNGG,GTTGCTGTTCTGGTTGTCCTTGG,1,[14],0.266666667,-12.83918465,14.9
H2-D,ENSMUSE00000998715,ENSMUST00000172785,antisense,-2.429580326,GGGGCTCAGGCAGCCCCTCANGG,GGGGCTCAGGCAGCCCCTGATGG,1,[19],0.125,-31.94799994,31.5
H2-D,ENSMUSE00000998715,ENSMUST00000172785,antisense,-4.16670107,TGATGGGTCACATGTGCCTTNGG,TGATGGGTCACATGGGCCTTTGG,1,[15],0.05,-15.40702157,26.8
H2-D,ENSMUSE00001030539,ENSMUST00000172785,antisense,4.028985176,CACGCACTCGCCCTCCAGGTNGG,CACGCACGTGCCCTCCAGGTAGG,2,"[8, 9]",0.641666666,-9.459597312,3.189285714
H2-D,ENSMUSE00001083526,ENSMUST00000172785,antisense,1.872116525,TCAGTGGACGGAGGAGGCTCNGG,ACAGTGGATGGAGGAGGCTCTGG,2,"[1, 9]",0.875,-6.359780352,4.606746032
H2-D,ENSMUSE00000941549,ENSMUST00000172785,antisense,1.731186238,AGCAGCAGGAGCAGCGTGCGNGG,AACAGCAGGAGCAGCGTGCACGG,2,"[2, 20]",0.793269231,-39.77759992,8.611956522
H2-D,ENSMUSE00001083526,ENSMUST00000172785,sense,0.53476322,ATGAAGAGAAGGAGAAACACNGG,AAGATGAGAAGGAGAAACACAGG,2,"[2, 5]",0.307692308,-3.92832,5.722891566
H2-D,ENSMUSE00000501221,ENSMUST00000172785,sense,0.249393772,ATGTCTCTCCGAGATTGTAANGG,CTGTCTCTCCCAGATTGTAAAGG,2,"[1, 11]",0.367346939,-8.630083707,4.793181818
H2-D,ENSMUSE00000998715,ENSMUST00000172785,sense,-0.300186194,CATGCCGTGTGTACCATGAGNGG,CATGCCATGTGTACCATCAGGGG,2,"[7, 18]",0.476190476,-30.20651408,1.246809804
H2-D,ENSMUSE00001030539,ENSMUST00000172785,sense,-0.414432883,CTACCTGGAGGGCGAGTGCGNGG,CTACCTGGAGGGCACGTGCGTGG,2,"[14, 15]",0.204545455,-28.24620622,0.208436264
H2-D,ENSMUSE00001012430,ENSMUST00000172785,sense,-0.511851867,TACTACAACCAGAGCGCGGGNGG,TACTACAACCAGAGCAAGGGCGG,2,"[16, 17]",0.466666667,-40.67453696,0.345653846
H2-D,ENSMUSE00001030539,ENSMUST00000172785,antisense,-0.888714609,ACTCCACGCACTCGCCCTCCNGG,ACTCCACGCACGTGCCCTCCAGG,2,"[12, 13]",0.35,-19.61542099,0.993867033
H2-D,ENSMUSE00001012430,ENSMUST00000172785,sense,-1.084821215,ATTTCGAGACCGCCGTGTCCNGG,ATTTCGTCACCGCCGTGTCCCGG,2,"[7, 8]",0.269230769,-7.88299776,3.56510989
H2-D,ENSMUSE00000998715,ENSMUST00000172785,sense,-1.121853303,CACATGCCGTGTGTACCATGNGG,CACATGCCATGTGTACCATCAGG,2,"[9, 20]",0.275510204,-43.49738028,2.373016176
H2-D,ENSMUSE00001012430,ENSMUST00000172785,antisense,-1.127354438,ACCGCATCGAGTGTGGGCCTNGG,ACCTCAGCGAGTGTGGGCCTGGG,2,"[4, 7]",0.213903743,-5.6567808,3.90873494
H2-D,ENSMUSE00000998715,ENSMUST00000172785,sense,-1.213419563,ACATGCCGTGTGTACCATGANGG,ACATGCCATGTGTACCATCAGGG,2,"[8, 19]",0.448275862,-36.2478169,2.933823529
H2-D,ENSMUSE00001030539,ENSMUST00000172785,sense,-1.224462823,TGGAGGGCGAGTGCGTGGAGNGG,TGGAGGGCACGTGCGTGGAGTGG,2,"[9, 10]",0.214285714,-11.35151677,2.937332143
H2-D,ENSMUSE00001012430,ENSMUST00000172785,sense,-1.588196458,GAGACCGCCGTGTCCCGGCCNGG,GTCACCGCCGTGTCCCGGCCCGG,2,"[2, 3]",0.27972028,-3.168,5.146703297
H2-D,ENSMUSE00001012430,ENSMUST00000172785,antisense,-1.893428687,CGAAATACCGCATCGAGTGTNGG,CGAAATACCTCAGCGAGTGTGGG,2,"[10, 13]",0.211956522,-16.89105696,2.039793072
H2-D,ENSMUSE00000998715,ENSMUST00000172785,sense,-2.174448914,GTGAAGTCACCCTGAGGTGCNGG,ATAAAGTCACCCTGAGGTGCTGG,2,"[1, 3]",0.675,-2.928,5.383333333
H2-D,ENSMUSE00001083526,ENSMUST00000172785,sense,-2.721652064,CATGGTGATCGTTGCTGTTCNGG,CATGGCGACCGTTGCTGTTCTGG,2,"[6, 9]",0.839160839,-8.145764352,2.115495482
H2-D,ENSMUSE00001030539,ENSMUST00000172785,antisense,-3.227406959,CGAACTGCAGGTACCCGCGGNGG,CGTACTGCTGGTACCCGCGGAGG,2,"[3, 9]",0.423529412,-6.887780352,4.030448592
H2-D,ENSMUSE00001030539,ENSMUST00000172785,antisense,-3.930368165,AGGCGAACTGCAGGTACCCGNGG,AGGCGTACTGCTGGTACCCGCGG,2,"[6, 12]",0.238095238,-11.90208445,1.991387324
H2-D,ENSMUSE00000941549,ENSMUST00000172785,sense,-4.035141406,GCGCACGCTGCTCCTGCTGCNGG,GTGCACGCTGCTCCTGCTGTTGG,2,"[2, 20]",0.272727273,-39.77759992,8.611956522
H2-D,ENSMUSE00001012430,ENSMUST00000172785,antisense,-4.275168794,TACCGCATCGAGTGTGGGCCNGG,TACCTCAGCGAGTGTGGGCCTGG,2,"[5, 8]",0.22,-6.78813696,5.722891566
H2-D,ENSMUSE00001012430,ENSMUST00000172785,antisense,-4.679017898,GTCACTCACCGCCCGCGCTCNGG,GTCACTCACCGCCCTTGCTCTGG,2,"[15, 16]",0.043956044,-33.89544746,0.240610989
H2-D,ENSMUSE00001012430,ENSMUST00000172785,antisense,4.576124622,AGATGTACCGGGGCTCCTCGNGG,CCATGTACCGGGGCTCCCCGAGG,3,"[1, 2, 18]",0.254317112,-29.26333328,0.83310962
H2-D,ENSMUSE00000941549,ENSMUST00000172785,antisense,1.397617288,GACCCCGCACTCACCCGCGCNGG,GGCCCGGTACTCACCCGCGCGGG,3,"[2, 6, 8]",0.35,-8.72580096,1.61673699
H2-D,ENSMUSE00001012430,ENSMUST00000172785,antisense,-0.121705944,TCGAAATACCGCATCGAGTGNGG,ACGAAATACCTCAGCGAGTGTGG,3,"[1, 11, 14]",0,-21.46926835,0.289356354
H2-D,ENSMUSE00000998715,ENSMUST00000172785,sense,-0.309881104,CTAAAGGTGAAGTCACCCTGNGG,CTGAAGATAAAGTCACCCTGAGG,3,"[3, 7, 9]",0.392857143,-10.47096115,1.099569865
H2-D,ENSMUSE00001012430,ENSMUST00000172785,antisense,-0.886234949,GCAGGTTCCTCAGGCTCACTNGG,GCAGGGTCCTCAGGTCCACTCGG,3,"[6, 15, 16]",0.025396826,-36.88143146,0.086158296
H2-D,ENSMUSE00001030539,ENSMUST00000172785,sense,-0.927555693,GCTGTGACTTGGGGTCGGACNGG,GCTGTGAAGTGGGGTCCGACGGG,3,"[8, 9, 17]",0.094677871,-31.64570838,0.699446792
H2-D,ENSMUSE00001012430,ENSMUST00000172785,sense,-0.944034342,GTGAGCCTGAGGAACCTGCTNGG,GTGGACCTGAGGACCCTGCTCGG,3,"[4, 5, 14]",0.116071428,-17.40110465,0.460325203
H2-D,ENSMUSE00001030539,ENSMUST00000172785,antisense,-1.022831609,GATGTAATCGCGGCCTTCATNGG,GATGTAATCGCAGCCGTCGTAGG,3,"[12, 16, 19]",0.121153846,-59.35252627,0.073722655
H2-D,ENSMUSE00000501221,ENSMUST00000172785,antisense,-1.079264858,GAGAGACATTTCAGAGCTCTNGG,GAGAGACAGATCAGAGGTCTGGG,3,"[9, 10, 17]",0.031212485,-33.53762784,0.620871382
H2-D,ENSMUSE00000501221,ENSMUST00000172785,antisense,-1.147005506,GGAGAGACATTTCAGAGCTCNGG,GGAGAGACAGATCAGAGGTCTGG,3,"[10, 11, 18]",0.05,-40.24515341,0.28711029
H2-D,ENSMUSE00001030539,ENSMUST00000172785,sense,-1.685421495,TACCTGCAGTTCGCCTATGANGG,TACCAGCAGTACGCCTACGACGG,3,"[5, 11, 18]",0.160714286,-36.54173699,0.380629834
H2-D,ENSMUSE00001030539,ENSMUST00000172785,sense,-1.741729416,CGGACTGGCGCCTCCTCCGCNGG,CCGACGGGCGACTCCTCCGCGGG,3,"[2, 6, 11]",0.296703296,-11.85606771,0.998392019
H2-D,ENSMUSE00001030539,ENSMUST00000172785,sense,-1.927430131,TCGGACTGGCGCCTCCTCCGNGG,TCCGACGGGCGACTCCTCCGCGG,3,"[3, 7, 12]",0.161603103,-14.22728125,0.985179722
H2-D,ENSMUSE00000941549,ENSMUST00000172785,antisense,-2.124643345,CGACCCCGCACTCACCCGCGNGG,CGGCCCGGTACTCACCCGCGCGG,3,"[3, 7, 9]",0.251633987,-10.47096115,1.099569865
H2-D,ENSMUSE00000501221,ENSMUST00000172785,antisense,-2.157697118,TTTCAGAGCTCTGGGAGCCTNGG,GATCAGAGGTCTGGGAGCCTAGG,3,"[1, 2, 9]",0.501035196,-7.799780352,1.750980392
H2-D,ENSMUSE00001012430,ENSMUST00000172785,sense,-3.276722282,TGTCGGCTATGTGGACAACANGG,AGTCGGCTACGTGGACGACACGG,3,"[1, 10, 17]",0.094117647,-29.57784749,1.43038535
H2-D,ENSMUSE00001030539,ENSMUST00000172785,sense,0.04058949,GCAGATCACCCGACGCAAGTNGG,GCTGATCACCAAACACAAGTGGG,4,"[3, 11, 12, 15]",0.465051903,-33.48120573,0.121826625
H2-D,ENSMUSE00001030539,ENSMUST00000172785,antisense,-0.625946119,ACTCTGCTCCCACTTGCGTCNGG,AGCCTGCTCCCACTTGTGTTTGG,4,"[2, 3, 17, 20]",0.041739131,-63.69171099,0.37847945
H2-D,ENSMUSE00001030539,ENSMUST00000172785,antisense,-0.798137573,GGCCTTCATAGGCGAACTGCNGG,AGCCGTCGTAGGCGTACTGCTGG,4,"[1, 5, 8, 15]",0.08448,-23.39515853,0.489615385
H2-D,ENSMUSE00001012430,ENSMUST00000172785,sense,-0.874004266,AGTGGTTCCGAGTGAGCCTGNGG,AGAGTTTCCGAGTGGACCTGAGG,4,"[3, 5, 15, 16]",0.139285714,-38.11176746,0.086587145
H2-D,ENSMUSE00001030539,ENSMUST00000172785,sense,-3.630223725,AGATGTCTGGCTGTGACTTGNGG,TGATCTCTGGCTGTGAAGTGGGG,4,"[1, 5, 17, 18]",0.122222222,-52.49776435,0.169073113
H2-D,ENSMUSE00001083526,ENSMUST00000172785,antisense,-3.950438303,ACCATGTAAGAGTCAGTGGANGG,GCCATGTTGGAGACAGTGGATGG,4,"[1, 8, 9, 13]",0.197802198,-21.35891785,0.399231309
H2-D,ENSMUSE00001083526,ENSMUST00000172785,antisense,-4.105289491,TAAGAGTCAGTGGACGGAGGNGG,TTGGAGACAGTGGATGGAGGAGG,4,"[2, 3, 7, 15]",0.025925926,-22.15820237,0.323097955
H2-D,ENSMUSE00001030539,ENSMUST00000172785,sense,1.076041802,CAGATGTCTGGCTGTGACTTNGG,GTGATCTCTGGCTGTGAAGTGGG,5,"[1, 2, 6, 18, 19]",0.060946958,-64.19731722,0.053161146
H2-D,ENSMUSE00001030539,ENSMUST00000172785,sense,-0.226294511,GCAGATGTCTGGCTGTGACTNGG,GGTGATCTCTGGCTGTGAAGTGG,5,"[2, 3, 7, 19, 20]",0.025532464,-77.03678066,0.125897342
H2-D,ENSMUSE00000998715,ENSMUST00000172785,antisense,-0.778117598,ATGGGTCACATGTGCCTTTGNGG,AATGGTCACATGAGCCCTTATGG,5,"[2, 3, 13, 17, 20]",0.193830491,-74.39103153,0.084651677
H2-D,ENSMUSE00001030539,ENSMUST00000172785,sense,-0.827823595,CGACGCAAGTGGGAGCAGAGNGG,AAACACAAGTGGGAGCAGGCTGG,5,"[1, 2, 5, 19, 20]",0.117857143,-75.41391986,0.195744706
H2-D,ENSMUSE00001083526,ENSMUST00000172785,sense,0.6335093,GGCCATCATTGGAGCTGTGGNGG,AATAGTCACTGGAGCTGTGGTGG,6,"[1, 2, 3, 4, 5, 9]",0.293022734,-14.08970035,0.38933585
H2-D,ENSMUSE00001030539,ENSMUST00000172785,sense,-0.186167928,CATTACAAGGCCTACCTGGANGG,AGACTCAGGGCCTACCTGGAGGG,6,"[1, 2, 3, 4, 5, 8]",0.09859944,-13.22973696,0.626974565
